pattern_id,tag,category,description,total_occurrences,henry_occurrences,cady_occurrences,first_seen,last_seen,span_days,legal_reference,representative_quote,escalation_note
P022,SEXUAL_OBJECTIFICATION,SEXUAL,"Reducing victim to body parts or sexual function: 'holes', 'trophy slut', 'body', dehumanising descriptors",287,210,77,2024-08-10,2026-04-29,626,SOA 2003 s.74 (consent context); SCA 2015 s.76 (degradation tactic),I’m just glad there’s no longer a massive hole in the garden,
P019,REPAIR_CYCLE,CYCLE,"Post-incident apology, reconciliation, or affection (sorry, miss you, forgive). Key: what happened immediately before?",187,83,104,2024-07-06,2026-05-02,665,CPS CC guidance: 'full picture' and 'layered spectrum'; DASH indicator,"Hey. I’ve been wanting to send you a message but I don’t know where to start so I’m just going to jump in. I’m sorry for everything, I’ve missed you and I hope you’re well. Would love to hear what you’ve been up to?",
P010,DEPENDENCY_IMMIGRATION,DEPENDENCY,"References to visa, sponsorship, passport, Home Office, deportation that establish or exploit immigration dependency",38,9,29,2024-12-06,2026-04-22,501,DA Act 2021 s.1(4); DDVC / MVDAC concessions; Immigration Rules App FM,I’m trying to apply for a few sponsorship jobs a week,
P004,CONTROL_OWNERSHIP,CONTROL,"Language treating victim as property: 'my slut', 'keep you', 'trophy', 'mine'",17,12,5,2025-01-16,2025-08-06,202,SCA 2015 s.76; Duluth 'Using Male Privilege' tactic,Just fucking my slut exactly how I like,
P018,MONITORING,CONTROL,"Checking on location, movements, communications, or social contacts",17,7,10,2024-08-17,2026-04-29,620,SCA 2015 s.76; Duluth 'Using Isolation'; tech abuse framework,Where are you living now?,
P013,FEAR_BY_CADY,DISTRESS,"Cady explicitly states fear, being scared, or feeling unsafe",16,0,16,2024-12-07,2026-04-30,509,DA Act 2021 s.1(3); DASH indicator; R v Dhaliwal [2006] (psych injury),You know I have no fear,
P026,TRIANGULATION_EX,TRIANGULATION,"Use of ex-partner (Holly) to create jealousy, comparison, or destabilisation",16,10,6,2024-07-06,2026-04-17,650,Duluth 'Using Emotional Abuse'; SCA 2015 s.76 pattern element,You still with Holly?,
P012,EXIT_ATTEMPT,EXIT,Victim attempts or signals desire to leave the relationship,12,0,12,2024-10-19,2026-05-02,559,Key indicator of victim's resistance — important for disproving consent to coercive regime,Hoping I’m done training Today so I can make some tips,
P015,HUMOUR_MASK,DELIVERY_MECHANISM,"Harmful, controlling, or threatening content packaged as joke/banter/lol. Mechanism: makes the statement deniable ('just joking') while still landing.",11,1,10,2025-01-05,2025-06-30,176,CPS CC guidance: 'perpetrators often use humour to normalise behaviour'; Relevant to establishing course of conduct under SCA 2015 s.76,Im not getting my asa hole out for annmarie lol,
P020,SEXUAL_BOUNDARY_TEST,SEXUAL,Escalating requests or framing to test and expand sexual limits,9,1,8,2025-01-25,2025-05-29,124,SOA 2003 s.74; R v R [1991] (no marital exemption),"I know you’ve been a good boy and gotten tested, make sure you share the results with her (or here even better) as it’s happened before that guys have assured me they’ve been tested and are just lying.  I’ll be following this up.  If the results aren’t back I’ll leave it to her discretion whether sh",
P021,SEXUAL_COMMERCIALISATION,SEXUAL,"Framing victim's sexual availability as commodity: 'rent you out', 'pimp', 'paying for access', financial + sexual language combined",9,3,6,2025-01-17,2026-04-27,465,SOA 2003 s.52-53 (controlling prostitution); SCA 2015 s.76,gonna rent you out to people:,
P014,FUTURE_FAKE,DELIVERY_MECHANISM,"False promises about future life, home, children, to maintain relationship",6,6,0,2024-09-06,2026-04-25,596,Relevant to any duress/undue influence claim; establishes psychological hook,Well I promise to do a suitably big fanfare when I next see you,
P017,MINIMISATION,REALITY_DISTORTION,"Downplaying the severity of behaviour: 'just', 'only a bit', 'overreacting'",6,6,0,2025-02-19,2026-04-30,435,"SCA 2015 s.76 pattern element; Duluth 'Minimising, Denying, Blaming'",but also yeah relax and just have some fun with it,
P001,ABUSE_BY_CADY,ABUSE_NAMED,"Cady explicitly names abuse, abusive behaviour, or sends support resources",4,0,4,2025-08-06,2026-05-02,269,Contemporaneous victim naming — strongest credibility evidence,I’m also making a zip locked meds dispenser with nick and making a plan so that I have extra help not to abuse them,
P007,CRAZY_SEXUAL,REALITY_DISTORTION_SUBTYPE,'Crazy' used in sexual intensity context — may be consensual framing,4,3,1,2025-01-17,2025-01-28,11,Context-dependent; flag for human review,so it may end up turning into an absolutely crazy wild weekend,
P009,DEPENDENCY_HOUSING,DEPENDENCY,"Housing used as leverage: eviction threats, 'where will you go', lock-outs",3,3,0,2025-06-05,2026-04-30,329,DA Act 2021 s.1(4); Family Law Act 1996 Part IV (occupation orders),"if it is allowed to speak to a wifi box it has previously used after the installation has finished, it will lock you out",
P016,LOVE_BOMB,CYCLE,"Intense affirmation of love/worth, often following an incident or exit attempt",3,3,0,2025-01-14,2025-04-03,78,Documented in Stark (2007) as a cycle-maintenance tactic,You’re amazing enough as it is,
P005,CONTROL_TOTAL,CONTROL,"Explicit statements of total/complete control ('total control', 'won't ever…')",2,2,0,2024-12-07,2025-01-14,37,SCA 2015 s.76 — continuous or repeated course of conduct,I hope you know once you’re under my control you won’t ever cum from your pussy again,
P008,DEPENDENCY_FINANCIAL,DEPENDENCY,"Financial dependency established or exploited: paying rent, covering costs, 'you need me financially'",2,1,1,2024-07-06,2025-01-25,202,DA Act 2021 s.1(4) economic abuse; Duluth 'Economic Abuse' tactic,The one thing I might say you owe me is a voice note lol,
P011,DOCUMENT_CONTROL,CONTROL,"Passport, documents, ID withheld or moved by perpetrator",2,1,1,2026-04-01,2026-04-01,0,SCA 2015 s.76; DASH indicator; CPS CC guidance,Do you have my passport? I’m trying to find mind,
P025,THREAT_VIOLENCE,THREAT,Direct or indirect threat of physical violence,2,1,1,2025-04-02,2026-04-25,388,CJA 1988 s.39; PHA 1997; SCA 2015 s.76,‘but you better still treat me like a whore otherwise I’ll make you pay again to remind you what I am',
P027,VIOLENCE_DIRECT,VIOLENCE,Direct statement of physical violence having occurred,2,0,2,2026-04-25,2026-04-30,5,CJA 1988 s.39 (assault); Offences Against Person Act 1861; DASH indicator,But the fact remains: you were physically violent with me multiple times.,
P002,ABUSE_BY_HENRY,ABUSE_NAMED,Henry uses the word 'abuse' to describe Cady's conduct (DARVO),1,1,0,2026-04-17,2026-04-17,0,CPS CC guidance on DARVO; credibility assessment,"There will eventually be a limit to the amount of abuse I can take, but I do still want to support you",
P003,BLAME_SHIFT,REALITY_DISTORTION,Attributing perpetrator's conduct to victim's behaviour,1,1,0,2025-03-29,2025-03-29,0,"Duluth 'Minimising, Denying, Blaming'; CPS CC guidance (DARVO recognition)",none of this ‘Henry you made me',
P006,CRAZY_AFFECTION,REALITY_DISTORTION_SUBTYPE,'Crazy' used affectionately ('crazy about you'),1,1,0,2025-03-27,2025-03-27,0,No legal significance on its own — context marker only,Madly so,
P023,SEXUAL_PRESSURE,SEXUAL,"Pressure to engage in sexual acts, removal of the ability to say no, statements that she 'can't refuse'",1,1,0,2024-12-07,2024-12-07,0,SOA 2003 s.74 (freely given consent); R v Lawrence [2020] (stealthing),"‘Because you’ve been very bad by making daddy wait to use your ass, you’re getting taken to a sex club with “I’m not allowed to say no” written on you chest’",
P024,THREAT_HOUSING,THREAT,"Threats to remove housing: 'kick you out', 'you'll have nowhere to go'",1,1,0,2026-04-30,2026-04-30,0,SCA 2015 s.76; DA Act 2021 s.1(4); Housing Act 1996 s.177,And I’m not being kicked out of my house,
